{"cameraMode":{"drawMode":0,"name":"Shaded","section":"Shading Mode"},"sceneLighting":false,"audioPlay":false,"sceneViewState":{"m_AlwaysRefresh":false,"showFog":true,"showSkybox":false,"showFlares":true,"showImageEffects":true,"showParticleSystems":true,"showVisualEffectGraphs":true,"m_FxEnabled":true},"in2DMode":false,"pivot":{"x":-5.587393283843994,"y":3.0843353271484377,"z":-0.037853240966796878},"rotation":{"x":0.01705884374678135,"y":-0.9645702242851257,"z":-0.06494119763374329,"w":-0.25546538829803469},"size":9.151663780212403,"orthographic":false}