{"cameraMode":{"drawMode":0,"name":"Shaded","section":"Shading Mode"},"sceneLighting":false,"audioPlay":false,"sceneViewState":{"m_AlwaysRefresh":false,"showFog":true,"showSkybox":false,"showFlares":true,"showImageEffects":true,"showParticleSystems":true,"showVisualEffectGraphs":true,"m_FxEnabled":true},"in2DMode":false,"pivot":{"x":-31.208980560302736,"y":4.349433898925781,"z":9.977947235107422},"rotation":{"x":-0.02058444730937481,"y":-0.9768612384796143,"z":0.10916629433631897,"w":-0.18319809436798097},"size":0.16398122906684876,"orthographic":false}