{"cameraMode":{"drawMode":0,"name":"Shaded","section":"Shading Mode"},"sceneLighting":false,"audioPlay":false,"sceneViewState":{"m_AlwaysRefresh":false,"showFog":true,"showSkybox":false,"showFlares":true,"showImageEffects":true,"showParticleSystems":true,"showVisualEffectGraphs":true,"m_FxEnabled":true},"in2DMode":false,"pivot":{"x":-10.428593635559082,"y":0.03256940841674805,"z":-0.2573496103286743},"rotation":{"x":-0.07628495246171951,"y":-0.9068166613578796,"z":0.18643689155578614,"w":-0.3705008625984192},"size":3.2653419971466066,"orthographic":false}