{"cameraMode":{"drawMode":0,"name":"Shaded","section":"Shading Mode"},"sceneLighting":false,"audioPlay":false,"sceneViewState":{"m_AlwaysRefresh":false,"showFog":true,"showSkybox":false,"showFlares":true,"showImageEffects":true,"showParticleSystems":true,"showVisualEffectGraphs":true,"m_FxEnabled":true},"in2DMode":false,"pivot":{"x":-0.2750214636325836,"y":0.17410148680210114,"z":0.58930504322052},"rotation":{"x":-0.028387021273374559,"y":-0.9679912328720093,"z":0.12732267379760743,"w":-0.21481220424175263},"size":0.000017320508050033823,"orthographic":false}