{"cameraMode":{"drawMode":0,"name":"Shaded","section":"Shading Mode"},"sceneLighting":false,"audioPlay":false,"sceneViewState":{"m_AlwaysRefresh":false,"showFog":true,"showSkybox":false,"showFlares":true,"showImageEffects":true,"showParticleSystems":true,"showVisualEffectGraphs":true,"m_FxEnabled":true},"in2DMode":false,"pivot":{"x":0.09186744689941406,"y":-21.326202392578126,"z":0.03992271423339844},"rotation":{"x":-0.057379212230443957,"y":-0.9381658434867859,"z":0.1884896606206894,"w":-0.2849423587322235},"size":28.209930419921876,"orthographic":false}