{"cameraMode":{"drawMode":0,"name":"Shaded","section":"Shading Mode"},"sceneLighting":false,"audioPlay":false,"sceneViewState":{"m_AlwaysRefresh":false,"showFog":true,"showSkybox":false,"showFlares":true,"showImageEffects":true,"showParticleSystems":true,"showVisualEffectGraphs":true,"m_FxEnabled":true},"in2DMode":false,"pivot":{"x":-2.3738222122192385,"y":0.18558502197265626,"z":9.573594093322754},"rotation":{"x":-0.02058444730937481,"y":-0.9768612384796143,"z":0.10916629433631897,"w":-0.18319809436798097},"size":10.727477073669434,"orthographic":false}