{"cameraMode":{"drawMode":0,"name":"Shaded","section":"Shading Mode"},"sceneLighting":false,"audioPlay":false,"sceneViewState":{"m_AlwaysRefresh":false,"showFog":true,"showSkybox":false,"showFlares":true,"showImageEffects":true,"showParticleSystems":true,"showVisualEffectGraphs":true,"m_FxEnabled":true},"in2DMode":false,"pivot":{"x":0.09515643119812012,"y":-0.2552175521850586,"z":1.2423551082611085},"rotation":{"x":-0.025407113134860994,"y":-0.9660304188728333,"z":0.10354499518871308,"w":-0.2357681393623352},"size":8.477828979492188,"orthographic":false}