{"cameraMode":{"drawMode":0,"name":"Shaded","section":"Shading Mode"},"sceneLighting":false,"audioPlay":false,"sceneViewState":{"m_AlwaysRefresh":false,"showFog":true,"showSkybox":false,"showFlares":true,"showImageEffects":true,"showParticleSystems":true,"showVisualEffectGraphs":true,"m_FxEnabled":true},"in2DMode":false,"pivot":{"x":0.2724189758300781,"y":0.06671905517578125,"z":-0.8629379272460938},"rotation":{"x":-0.057379212230443957,"y":-0.9381658434867859,"z":0.1884896606206894,"w":-0.2849423587322235},"size":27.779621124267579,"orthographic":false}