{"cameraMode":{"drawMode":0,"name":"Shaded","section":"Shading Mode"},"sceneLighting":false,"audioPlay":false,"sceneViewState":{"m_AlwaysRefresh":false,"showFog":true,"showSkybox":false,"showFlares":true,"showImageEffects":true,"showParticleSystems":true,"showVisualEffectGraphs":true,"m_FxEnabled":true},"in2DMode":false,"pivot":{"x":6.3496856689453129,"y":2.9065778255462648,"z":-0.14956670999526978},"rotation":{"x":-0.12476351112127304,"y":-0.8596959710121155,"z":0.25071075558662417,"w":-0.42739570140838625},"size":0.4199288487434387,"orthographic":false}