{"cameraMode":{"drawMode":0,"name":"Shaded","section":"Shading Mode"},"sceneLighting":false,"audioPlay":false,"sceneViewState":{"m_AlwaysRefresh":false,"showFog":true,"showSkybox":false,"showFlares":true,"showImageEffects":true,"showParticleSystems":true,"showVisualEffectGraphs":true,"m_FxEnabled":true},"in2DMode":false,"pivot":{"x":-0.6703870892524719,"y":0.6535242199897766,"z":1.4820348024368287},"rotation":{"x":-0.028709104284644128,"y":-0.967799186706543,"z":0.12877453863620759,"w":-0.2147693932056427},"size":0.000017320508050033823,"orthographic":false}