{"cameraMode":{"drawMode":0,"name":"Shaded","section":"Shading Mode"},"sceneLighting":false,"audioPlay":false,"sceneViewState":{"m_AlwaysRefresh":false,"showFog":true,"showSkybox":false,"showFlares":true,"showImageEffects":true,"showParticleSystems":true,"showVisualEffectGraphs":true,"m_FxEnabled":true},"in2DMode":false,"pivot":{"x":-0.5692405700683594,"y":0.9625091552734375,"z":1.4916648864746094},"rotation":{"x":-0.025407113134860994,"y":-0.9660304188728333,"z":0.10354499518871308,"w":-0.2357681393623352},"size":79.82286834716797,"orthographic":false}