{"cameraMode":{"drawMode":0,"name":"Shaded","section":"Shading Mode"},"sceneLighting":false,"audioPlay":false,"sceneViewState":{"m_AlwaysRefresh":false,"showFog":true,"showSkybox":false,"showFlares":true,"showImageEffects":true,"showParticleSystems":true,"showVisualEffectGraphs":true,"m_FxEnabled":true},"in2DMode":false,"pivot":{"x":2.936427593231201,"y":2.1418051719665529,"z":-2.421610116958618},"rotation":{"x":-0.00035543960984796286,"y":-0.9982836246490479,"z":0.05996822938323021,"w":-0.00508866598829627},"size":1.5262548923492432,"orthographic":false}